an_em an_em_bigbio_kb
anat_em anat_em_bigbio_kb
ask_a_patient ask_a_patient_bigbio_kb
bc5cdr bc5cdr_bigbio_kb
bioinfer bioinfer_bigbio_kb
bionlp_shared_task_2009 bionlp_shared_task_2009_bigbio_kb
bionlp_st_2011_epi bionlp_st_2011_epi_bigbio_kb
bionlp_st_2011_ge bionlp_st_2011_ge_bigbio_kb
bionlp_st_2011_id bionlp_st_2011_id_bigbio_kb
bionlp_st_2011_rel bionlp_st_2011_rel_bigbio_kb
bionlp_st_2013_cg bionlp_st_2013_cg_bigbio_kb
bionlp_st_2013_ge bionlp_st_2013_ge_bigbio_kb
bionlp_st_2013_gro bionlp_st_2013_gro_bigbio_kb
bionlp_st_2013_pc bionlp_st_2013_pc_bigbio_kb
bionlp_st_2019_bb bionlp_st_2019_bb_bigbio_kb
biored biored_bigbio_kb
biorelex biorelex_bigbio_kb
bioscope bioscope_abstracts_bigbio_kb
bioscope bioscope_bigbio_kb
bioscope bioscope_medical_texts_bigbio_kb
bioscope bioscope_papers_bigbio_kb
cadec cadec_bigbio_kb
cantemist cantemist_bigbio_kb
cellfinder cellfinder_bigbio_kb
cellfinder cellfinder_splits_bigbio_kb
chebi_nactem chebi_nactem_abstr_ann1_bigbio_kb
chebi_nactem chebi_nactem_abstr_ann2_bigbio_kb
chebi_nactem chebi_nactem_fullpaper_bigbio_kb
chemdner chemdner_bigbio_kb
chemprot chemprot_bigbio_kb
chia chia_bigbio_kb
citation_gia_test_collection citation_gia_test_collection_bigbio_kb
codiesp codiesp_X_bigbio_kb
cord_ner cord_ner_bigbio_kb
ctebmsp ctebmsp_abstracts_bigbio_kb
ctebmsp ctebmsp_eudract_bigbio_kb
ddi_corpus ddi_corpus_bigbio_kb
diann_iber_eval diann_iber_eval_bigbio_kb
diann_iber_eval diann_iber_eval_en_bigbio_kb
diann_iber_eval diann_iber_eval_es_bigbio_kb
distemist distemist_entities_bigbio_kb
distemist distemist_linking_bigbio_kb
ebm_pico ebm_pico_bigbio_kb
euadr euadr_bigbio_kb
genetag genetagcorrect_bigbio_kb
genetag genetaggold_bigbio_kb
genia_ptm_event_corpus genia_ptm_event_corpus_bigbio_kb
genia_relation_corpus genia_relation_corpus_bigbio_kb
genia_term_corpus genia_term_corpus_bigbio_kb
gnormplus gnormplus_bigbio_kb
hprd50 hprd50_bigbio_kb
iepa iepa_bigbio_kb
jnlpba jnlpba_bigbio_kb
linnaeus linnaeus_bigbio_kb
linnaeus linnaeus_filtered_bigbio_kb
lll lll_bigbio_kb
mantra_gsc mantra_gsc_de_emea_bigbio_kb
mantra_gsc mantra_gsc_de_medline_bigbio_kb
mantra_gsc mantra_gsc_de_patents_bigbio_kb
mantra_gsc mantra_gsc_en_emea_bigbio_kb
mantra_gsc mantra_gsc_en_medline_bigbio_kb
mantra_gsc mantra_gsc_en_patents_bigbio_kb
mantra_gsc mantra_gsc_es_emea_bigbio_kb
mantra_gsc mantra_gsc_es_medline_bigbio_kb
mantra_gsc mantra_gsc_fr_emea_bigbio_kb
mantra_gsc mantra_gsc_fr_medline_bigbio_kb
mantra_gsc mantra_gsc_fr_patents_bigbio_kb
mantra_gsc mantra_gsc_nl_emea_bigbio_kb
mantra_gsc mantra_gsc_nl_medline_bigbio_kb
meddocan meddocan_bigbio_kb
medmentions medmentions_full_bigbio_kb
medmentions medmentions_st21pv_bigbio_kb
mirna mirna_bigbio_kb
mlee mlee_bigbio_kb
muchmore muchmore_bigbio_kb
muchmore muchmore_de_bigbio_kb
muchmore muchmore_en_bigbio_kb
mutation_finder mutation_finder_bigbio_kb
ncbi_disease ncbi_disease_bigbio_kb
nlm_gene nlm_gene_bigbio_kb
nlmchem nlmchem_bigbio_kb
osiris osiris_bigbio_kb
pdr pdr_bigbio_kb
pharmaconer pharmaconer_bigbio_kb
pho_ner pho_ner_bigbio_kb
pho_ner pho_ner_syllable_bigbio_kb
pico_extraction pico_extraction_bigbio_kb
progene progene_bigbio_kb
quaero quaero_emea_bigbio_kb
quaero quaero_medline_bigbio_kb
scai_chemical scai_chemical_bigbio_kb
scai_disease scai_disease_bigbio_kb
seth_corpus seth_corpus_bigbio_kb
spl_adr_200db spl_adr_200db_train_bigbio_kb
spl_adr_200db spl_adr_200db_unannotated_bigbio_kb
swedish_medical_ner swedish_medical_ner_1177_bigbio_kb
swedish_medical_ner swedish_medical_ner_lt_bigbio_kb
swedish_medical_ner swedish_medical_ner_wiki_bigbio_kb
thomas2011 thomas2011_bigbio_kb
tmvar_v1 tmvar_v1_bigbio_kb
tmvar_v2 tmvar_v2_bigbio_kb
tmvar_v3 tmvar_v3_bigbio_kb
twadrl twadrl_bigbio_kb
verspoor_2013 verspoor_2013_bigbio_kb
